age,age,bmi,systolic_bp,systolic_bp
mean,std,mean,mean,median
81.21329639889197,13.728106093833471,25.875182735816217,117.35428370786516,117.0
80.44402985074628,13.426288371080574,25.70668085106383,117.13067458633857,117.0
80.75098619329388,13.371494543188007,25.789583333333333,117.97835933568193,118.0
80.75558564658091,13.465774300769032,25.565682137834038,117.94366197183099,118.0
80.41507537688442,13.750126169874637,25.47650158061117,117.50308008213553,117.0
