site,age,bmi,systolic_bp,diastolic_bp
Site A,81.21329639889197,25.875182735816217,117.35428370786516,73.5495084269663
Site B,80.44402985074628,25.70668085106383,117.13067458633857,73.31014000848536
Site C,80.75098619329388,25.789583333333333,117.97835933568193,73.67639657775541
Site D,80.75558564658091,25.565682137834038,117.94366197183099,73.63943661971831
Site E,80.41507537688442,25.47650158061117,117.50308008213553,73.75256673511294
